CREATE TABLE CITY
(CNAME VARCHAR2(15) NOT NULL, STATE VARCHAR2(15),
COUNTRY VARCHAR(30), PRIMARY KEY(CNAME));
INSERT INTO CITY (CNAME, STATE, INSERT INTO CITY (CNAME, STATE, INSERT INTO CITY (CNAME, STATE, INSERT INTO CITY (CNAME, STATE, INSERT INTO CITY (CNAME, STATE, INSERT INTO CITY (CNAME, STATE, States');
INSERT INTO CITY (CNAME, STATE, INSERT INTO CITY (CNAME, STATE, INSERT INTO CITY (CNAME, STATE, States');
INSERT INTO CITY (CNAME, STATE, select * from CITY;
COUNTRY) VALUES('Louisville','Kentucky','United States'); COUNTRY) VALUES ('Chandigarh','Chandigarh','India'); COUNTRY) VALUES ('Fort Worth','Texas','United States'); COUNTRY) VALUES('Delhi','Delhi','India');
COUNTRY) VALUES('Mumbai','Maharashtra','India'); COUNTRY) VALUES('San Francisco', 'California', 'United
COUNTRY) VALUES('Frankfurt','Hesse','Germany'); COUNTRY) VALUES('Houston','Texas','United States'); COUNTRY) VALUES('New York City','New York','United
COUNTRY) VALUES('Tampa', 'Florida', 'United States');


CREATE TABLE AIRPORT
(AP_NAME VARCHAR2(100) NOT NULL, STATE VARCHAR2(15),
COUNTRY VARCHAR(30),
CNAME VARCHAR2(15),
7
PRIMARY KEY(AP_NAME),
FOREIGN KEY(CNAME) REFERENCES CITY(CNAME) ON DELETE CASCADE);
INSERT INTO AIRPORT (AP_NAME, STATE, COUNTRY, CNAME) VALUES('Louisville International Airport','Kentucky','United States','Louisville');
INSERT INTO AIRPORT (AP_NAME, STATE, COUNTRY, CNAME) VALUES('Chandigarh International Airport','Chandigarh','India','Chandigarh');
INSERT INTO AIRPORT (AP_NAME, STATE, COUNTRY, CNAME) VALUES('Dallas/Fort Worth International Airport','Texas','United States','Fort Worth');
INSERT INTO AIRPORT (AP_NAME, STATE, COUNTRY, CNAME) VALUES('Indira GandhiInternational Airport','Delhi','India','Delhi');
INSERT INTO AIRPORT (AP_NAME, STATE, COUNTRY, CNAME) VALUES('Chhatrapati Shivaji International Airport','Maharashtra','India','Mumbai');
INSERT INTO AIRPORT (AP_NAME, STATE, COUNTRY, CNAME) VALUES('San Francisco International Airport','California', 'United States','San Francisco');
INSERT INTO AIRPORT (AP_NAME, STATE, COUNTRY, CNAME) VALUES('Frankfurt Airport','Hesse','Germany','Frankfurt');
INSERT INTO AIRPORT (AP_NAME, STATE, COUNTRY, CNAME) VALUES('George Bush Intercontinental Airport','Texas','United States','Houston');
INSERT INTO AIRPORT (AP_NAME, STATE, COUNTRY, CNAME) VALUES('John F. Kennedy International Airport','New York','United States','New York City');
INSERT INTO AIRPORT (AP_NAME, STATE, COUNTRY, CNAME) VALUES('Tampa International Airport','Florida', 'United States','Tampa');
select * from AIRPORT;
CREATE TABLE AIRLINE
8
   (AIRLINEID VARCHAR(3) NOT NULL, AL_NAME VARCHAR2(50),
AL_CODE VARCHAR(3),
PRIMARY KEY(AIRLINEID));
INSERT INTO AIRLINE (AIRLINEID, AL_NAME, AL_CODE) VALUES('AA','AmericanAirlines','001'); INSERT INTO AIRLINE (AIRLINEID, AL_NAME, AL_CODE) VALUES('AI','Air India Limited','098'); INSERT INTO AIRLINE (AIRLINEID, AL_NAME, AL_CODE) VALUES('LH','Lufthansa', '220'); INSERT INTO AIRLINE (AIRLINEID, AL_NAME, AL_CODE) VALUES('BA','British Airways','125'); INSERT INTO AIRLINE (AIRLINEID, AL_NAME, AL_CODE) VALUES('QR','Qatar Airways','157'); INSERT INTO AIRLINE (AIRLINEID, AL_NAME, AL_CODE) VALUES('9W','Jet Airways','589'); INSERT INTO AIRLINE (AIRLINEID, AL_NAME, AL_CODE) VALUES('EK','Emirates','176'); INSERT INTO AIRLINE (AIRLINEID, AL_NAME, AL_CODE) VALUES('EY','Ethiad Airways','607'); select * from AIRLINE;
CREATE TABLE FLIGHT
(FLIGHT_CODE VARCHAR(10) NOT NULL,
SOURCE VARCHAR(3),
DESTINATION VARCHAR(3),
ARRIVAL VARCHAR2(10),
DEPARTURE VARCHAR2(10),
STATUS VARCHAR(10),
DURATION VARCHAR2(30),
FLIGHTTYPE VARCHAR(10),
AIRLINEID VARCHAR(3),
PRIMARY KEY(FLIGHT_CODE),
FOREIGN KEY(AIRLINEID) REFERENCES AIRLINE(AIRLINEID) ON DELETE CASCADE);
INSERT INTO FLIGHT(FLIGHT_CODE, SOURCE, DESTINATION, ARRIVAL, DEPARTURE, STATUS, DURATION, FLIGHTTYPE, AIRLINEID) VALUES('AI2014','BOM','DFW','02:10','03:15','On-
 9
 
   time','24hr','Connecting','AI');
INSERT INTO FLIGHT(FLIGHT_CODE, SOURCE, DESTINATION, ARRIVAL, DEPARTURE, STATUS, DURATION, FLIGHTTYPE, AIRLINEID) VALUES('QR2305','BOM','DFW','13:00','13:55','Delayed','21hr','Non-stop','QR');
INSERT INTO FLIGHT(FLIGHT_CODE, SOURCE, DESTINATION, ARRIVAL, DEPARTURE, STATUS, DURATION, FLIGHTTYPE, AIRLINEID) VALUES('EY1234','JFK','TPA','19:20','20:05','On- time','16hrs','Connecting','EY');
INSERT INTO FLIGHT(FLIGHT_CODE, SOURCE, DESTINATION, ARRIVAL, DEPARTURE, STATUS, DURATION, FLIGHTTYPE, AIRLINEID) VALUES('LH9876','JFK','BOM','05:50','06:35','On- time','18hrs','Non-stop','LH');
INSERT INTO FLIGHT(FLIGHT_CODE, SOURCE, DESTINATION, ARRIVAL, DEPARTURE, STATUS, DURATION, FLIGHTTYPE, AIRLINEID) VALUES('BA1689','FRA','DEL','10:20','10:55','On- time','14hrs','Non-stop','BA');
INSERT INTO FLIGHT(FLIGHT_CODE, SOURCE, DESTINATION, ARRIVAL, DEPARTURE, STATUS, DURATION, FLIGHTTYPE, AIRLINEID) VALUES('AA4367','SFO','FRA','18:10','18:55','On- time','21hrs','Non-stop','AA');
INSERT INTO FLIGHT(FLIGHT_CODE, SOURCE, DESTINATION, ARRIVAL, DEPARTURE, STATUS, DURATION, FLIGHTTYPE, AIRLINEID) VALUES('QR1902','IXC','IAH','22:00','22:50','Delayed','28hrs','Non-stop','QR');
INSERT INTO FLIGHT(FLIGHT_CODE, SOURCE, DESTINATION, ARRIVAL, DEPARTURE, STATUS, DURATION, FLIGHTTYPE, AIRLINEID) VALUES('BA3056','BOM','DFW','02:15','02:55','On- time','29hrs','Connecting','BA');
INSERT INTO FLIGHT(FLIGHT_CODE, SOURCE, DESTINATION, ARRIVAL, DEPARTURE, STATUS, DURATION, FLIGHTTYPE, AIRLINEID) VALUES('EK3456','BOM','SFO','18:50','19:40','On- time','30hrs','Non-stop','EK');
INSERT INTO FLIGHT(FLIGHT_CODE, SOURCE, DESTINATION, ARRIVAL, DEPARTURE, STATUS, DURATION, FLIGHTTYPE, AIRLINEID) VALUES('9W2334','IAH','DEL','23:00','13:45','On- time','23hrs','Direct','9W');
select * from FLIGHT;
 CREATE TABLE PASSENGER1
10
 
   (PID INT NOT NULL,
PASSPORTNO VARCHAR(10) NOT NULL, PRIMARY KEY(PID, PASSPORTNO));
INSERT INTO PASSENGER1(PID, PASSPORTNO) VALUES(1,'A1234568'); INSERT INTO PASSENGER1(PID, PASSPORTNO) VALUES(2,'B9876541'); INSERT INTO PASSENGER1(PID, PASSPORTNO) VALUES(3,'C2345698'); INSERT INTO PASSENGER1(PID, PASSPORTNO) VALUES(4,'D1002004'); INSERT INTO PASSENGER1(PID, PASSPORTNO) VALUES(5,'X9324666');
INSERT INTO PASSENGER1(PID, PASSPORTNO) VALUES(6,'B8765430'); INSERT INTO PASSENGER1(PID, PASSPORTNO) VALUES(7,'J9801235'); INSERT INTO PASSENGER1(PID, PASSPORTNO) VALUES(8,'A1122334'); INSERT INTO PASSENGER1(PID, PASSPORTNO) VALUES(9,'Q1243567'); INSERT INTO PASSENGER1(PID, PASSPORTNO) VALUES(10,'S1243269'); INSERT INTO PASSENGER1(PID, PASSPORTNO) VALUES(11,'E3277889'); INSERT INTO PASSENGER1(PID, PASSPORTNO) VALUES(12,'K3212322'); INSERT INTO PASSENGER1(PID, PASSPORTNO) VALUES(13,'P3452390'); INSERT INTO PASSENGER1(PID, PASSPORTNO) VALUES(14,'W7543336'); INSERT INTO PASSENGER1(PID, PASSPORTNO) VALUES(15,'R8990566'); select * from PASSENGER1;
 11
 
    CREATE TABLE PASSENGER2 (PASSPORTNO VARCHAR(10) NOT NULL, FNAME VARCHAR2(20),
M VARCHAR(1),
LNAME VARCHAR2(20),
ADDRESS VARCHAR2(100),
PHONE INT,
AGE INT,
SEX VARCHAR(1),
PRIMARY KEY(PASSPORTNO));
INSERT INTO PASSENGER2(PASSPORTNO,FNAME,M,LNAME,ADDRESS,PHONE,AGE,SEX) VALUES('A1234568','ALEN','M','SMITH','2230 NORTHSIDE, APT 11, ALBANY, NY',8080367290,30,'M');
INSERT INTO PASSENGER2(PASSPORTNO,FNAME,M,LNAME,ADDRESS,PHONE,AGE,SEX) VALUES('B9876541','ANKITA','V','AHIR','3456 VIKAS APTS, APT 102,DOMBIVLI, INDIA',8080367280,26,'F');
INSERT INTO PASSENGER2(PASSPORTNO,FNAME,M,LNAME,ADDRESS,PHONE,AGE,SEX) VALUES('C2345698','KHYATI','A','MISHRA','7820 MCCALLUM COURTS, APT 234, AKRON, OH',8082267280,30,'F');
INSERT INTO PASSENGER2(PASSPORTNO,FNAME,M,LNAME,ADDRESS,PHONE,AGE,SEX) VALUES('D1002004','ANKITA','S','PATIL','7720 MCCALLUM BLVD, APT 1082, DALLAS, TX',9080367266,23,'F');
INSERT INTO PASSENGER2(PASSPORTNO,FNAME,M,LNAME,ADDRESS,PHONE,AGE,SEX) VALUES('X9324666','TEJASHREE','B','PANDIT','9082 ESTAES OF RICHARDSON, RICHARDSON, TX',9004360125,28,'F');
INSERT INTO PASSENGER2(PASSPORTNO,FNAME,M,LNAME,ADDRESS,PHONE,AGE,SEX) VALUES('B8765430','LAKSHMI','P','SHARMA','1110 FIR HILLS, APT 903, AKRON, OH',7666190505,30,'F');
INSERT INTO PASSENGER2(PASSPORTNO,FNAME,M,LNAME,ADDRESS,PHONE,AGE,SEX) VALUES('J9801235','AKHILESH','D','JOSHI','345 CHATHAM COURTS, APT 678, MUMBAI, INDIA',9080369290,29,'M');
INSERT INTO PASSENGER2(PASSPORTNO,FNAME,M,LNAME,ADDRESS,PHONE,AGE,SEX) VALUES('A1122334','MANAN','S','LAKHANI','5589 CHTHAM REFLECTIONS, APT 349 HOUSTON, TX',9004335126,25,'F');
INSERT INTO PASSENGER2(PASSPORTNO,FNAME,M,LNAME,ADDRESS,PHONE,AGE,SEX) VALUES('Q1243567','KARAN','M','MOTANI','4444 FRANKFORD VILLA, APT 77, GUILDERLAND, NY',9727626643,22,'M');
INSERT INTO PASSENGER2(PASSPORTNO,FNAME,M,LNAME,ADDRESS,PHONE,AGE,SEX) VALUES('S1243269','ROM','A','SOLANKI','7720 MCCALLUM BLVD, APT 2087, DALLAS,
12
 
   TX',9004568903,60,'M');
INSERT INTO PASSENGER2(PASSPORTNO,FNAME,M,LNAME,ADDRESS,PHONE,AGE,SEX) VALUES('E3277889','John','A','GATES','1234 BAKER APTS, APT 59, HESSE, GERMANY',9724569986,10,'M');
INSERT INTO PASSENGER2(PASSPORTNO,FNAME,M,LNAME,ADDRESS,PHONE,AGE,SEX) VALUES('K3212322','SARA','B','GOMES','6785 SPLITSVILLA, APT 34, MIAMI, FL',9024569226,15,'F'); INSERT INTO PASSENGER2(PASSPORTNO,FNAME,M,LNAME,ADDRESS,PHONE,AGE,SEX) VALUES('P3452390','ALIA','V','BHAT','548 MARKET PLACE, SAN Francisco, CA',9734567800,10,'F'); INSERT INTO PASSENGER2(PASSPORTNO,FNAME,M,LNAME,ADDRESS,PHONE,AGE,SEX) VALUES('W7543336','JOHN','P','SMITH','6666 ROCK HILL, APT 2902, TAMPA, FL',4624569986,55,'M'); INSERT INTO PASSENGER2(PASSPORTNO,FNAME,M,LNAME,ADDRESS,PHONE,AGE,SEX) VALUES('R8990566','RIA','T','GUPTA','3355 PALENCIA, APT 2065, MUMBAI, INDIA',4724512343,10,'M');
select * from PASSENGER2;
  CREATE TABLE PASSENGER3
(PID INT NOT NULL,
FLIGHT_CODE VARCHAR(10),
PRIMARY KEY(PID),
FOREIGN KEY(FLIGHT_CODE) REFERENCES FLIGHT(FLIGHT_CODE) ON DELETE CASCADE);
INSERT INTO PASSENGER3(PID, FLIGHT_CODE) VALUES(1,'AI2014'); INSERT INTO PASSENGER3(PID, FLIGHT_CODE) VALUES(2,'LH9876'); INSERT INTO PASSENGER3(PID, FLIGHT_CODE) VALUES(3,'9W2334');
13
 
   INSERT INTO PASSENGER3(PID, FLIGHT_CODE) VALUES(4,'QR1902'); INSERT INTO PASSENGER3(PID, FLIGHT_CODE) VALUES(5,'EY1234'); INSERT INTO PASSENGER3(PID, FLIGHT_CODE) VALUES(6,'BA3056'); INSERT INTO PASSENGER3(PID, FLIGHT_CODE) VALUES(7,'9W2334'); INSERT INTO PASSENGER3(PID, FLIGHT_CODE) VALUES(8,'AA4367'); INSERT INTO PASSENGER3(PID, FLIGHT_CODE) VALUES(9,'QR1902'); INSERT INTO PASSENGER3(PID, FLIGHT_CODE) VALUES(10,'EK3456'); INSERT INTO PASSENGER3(PID, FLIGHT_CODE) VALUES(11,'BA1689'); INSERT INTO PASSENGER3(PID, FLIGHT_CODE) VALUES(12,'QR1902'); INSERT INTO PASSENGER3(PID, FLIGHT_CODE) VALUES(13,'AI2014'); INSERT INTO PASSENGER3(PID, FLIGHT_CODE) VALUES(14,'BA1689'); INSERT INTO PASSENGER3(PID, FLIGHT_CODE) VALUES(15,'QR2305'); select * from PASSENGER3;
CREATE TABLE TICKET1 (TICKET_NUMBER INT NOT NULL,
  14
 
   SOURCE VARCHAR(3), DESTINATION VARCHAR(3), DATE_OF_BOOKING DATE, DATE_OF_TRAVEL DATE, SEATNO VARCHAR(5), CLASS VARCHAR2(15),
PID INT,
PASSPORTNO VARCHAR(10),
FOREIGN KEY(PID, PASSPORTNO) REFERENCES PASSENGER1(PID, PASSPORTNO) ON DELETE CASCADE);
INSERT INTO TICKET1(TICKET_NUMBER, SOURCE, DESTINATION, DATE_OF_BOOKING,DATE_OF_TRAVEL, SEATNO, CLASS, PID, PASSPORTNO) VALUES(0011234111122,'BOM','DFW','01-MAY-23','15-MAY-23','32A','ECONOMY',1,'A1234568');
INSERT INTO TICKET1(TICKET_NUMBER, SOURCE, DESTINATION, DATE_OF_BOOKING,DATE_OF_TRAVEL, SEATNO, CLASS, PID, PASSPORTNO) VALUES(0984567222299,'JFK','BOM','02-MAY-23','08-MAY-23','45D','ECONOMY',2,'B9876541'); INSERT INTO TICKET1(TICKET_NUMBER, SOURCE, DESTINATION, DATE_OF_BOOKING,DATE_OF_TRAVEL, SEATNO, CLASS, PID, PASSPORTNO) VALUES(1768901333273,'IAH','DEL','25-APR-23','05-MAY-23','1A','BUSINESS',3,'C2345698'); INSERT INTO TICKET1(TICKET_NUMBER, SOURCE, DESTINATION, DATE_OF_BOOKING,DATE_OF_TRAVEL, SEATNO, CLASS, PID, PASSPORTNO) VALUES(5890987441464,'IXC','IAH','10-MAY-23','12-JUN-23','20C','FIRSTCLASS',4,'D1002004'); INSERT INTO TICKET1(TICKET_NUMBER, SOURCE, DESTINATION, DATE_OF_BOOKING,DATE_OF_TRAVEL, SEATNO, CLASS, PID, PASSPORTNO) VALUES(1577654664266,'JFK','TPA','05-MAY-23','10-MAY-23','54E','ECONOMY',5,'X9324666'); INSERT INTO TICKET1(TICKET_NUMBER, SOURCE, DESTINATION, DATE_OF_BOOKING,DATE_OF_TRAVEL, SEATNO, CLASS, PID, PASSPORTNO) VALUES(2206543545545,'BOM','DFW','03-MAY-23','13-MAY-23','43B','ECONOMY',6,'B8765430'); INSERT INTO TICKET1(TICKET_NUMBER, SOURCE, DESTINATION, DATE_OF_BOOKING,DATE_OF_TRAVEL, SEATNO, CLASS, PID, PASSPORTNO) VALUES(7064321779737,'IAH','DEL','02-FEB-23','07-JUN-23','27B','FIRSTCLASS',7,'J9801235'); INSERT INTO TICKET1(TICKET_NUMBER, SOURCE, DESTINATION, DATE_OF_BOOKING,DATE_OF_TRAVEL, SEATNO, CLASS, PID, PASSPORTNO) VALUES(1571357215116,'SFO','FRA','15-APR-23','18-MAY-23','34E','ECONOMY',8,'A1122334'); INSERT INTO TICKET1(TICKET_NUMBER, SOURCE, DESTINATION, DATE_OF_BOOKING,DATE_OF_TRAVEL, SEATNO, CLASS, PID, PASSPORTNO) VALUES(1570864987655,'IXC','IAH','28-MAR-23','27-APR-23','54C','ECONOMY',9,'Q1243567'); INSERT INTO TICKET1(TICKET_NUMBER, SOURCE, DESTINATION, DATE_OF_BOOKING,DATE_OF_TRAVEL, SEATNO, CLASS, PID, PASSPORTNO) VALUES(1579283997799,'BOM','SFO','22-JAN-23','28-MAY-23','38A','ECONOMY',10,'S1243269'); INSERT INTO TICKET1(TICKET_NUMBER, SOURCE, DESTINATION, DATE_OF_BOOKING,DATE_OF_TRAVEL, SEATNO, CLASS, PID, PASSPORTNO) VALUES(1255701876107,'FRA','DEL','18-MAY-23','05-MAY-23','57F','ECONOMY',11,'E3277889'); INSERT INTO TICKET1(TICKET_NUMBER, SOURCE, DESTINATION, DATE_OF_BOOKING,DATE_OF_TRAVEL, SEATNO, CLASS, PID, PASSPORTNO) VALUES(1251334499699,'IXC','IAH','04-MAY-23','12-MAY-23','45D','ECONOMY',12,'K3212322'); INSERT INTO TICKET1(TICKET_NUMBER, SOURCE, DESTINATION,
15
 
   DATE_OF_BOOKING,DATE_OF_TRAVEL, SEATNO, CLASS, PID, PASSPORTNO) VALUES(1258776199490,'BOM','DFW','13-MAY-23','02-JUN-23','37C','ECONOMY',13,'P3452390'); INSERT INTO TICKET1(TICKET_NUMBER, SOURCE, DESTINATION, DATE_OF_BOOKING,DATE_OF_TRAVEL, SEATNO, CLASS, PID, PASSPORTNO) VALUES(5891155114477,'FRA','DEL','26-MAY-23','23-JUN23','55C','ECONOMY',14,'W7543336'); INSERT INTO TICKET1(TICKET_NUMBER, SOURCE, DESTINATION, DATE_OF_BOOKING,DATE_OF_TRAVEL, SEATNO, CLASS, PID, PASSPORTNO) VALUES(5893069766787,'BOM','DFW','17-MAY-23','29-MAY23','33F','ECONOMY',15,'R8990566'); select * from TICKET1;
  CREATE TABLE TICKET2
(SOURCE VARCHAR(3) NOT NULL, DESTINATION VARCHAR(3) NOT NULL,
CLASS VARCHAR2(15) NOT NULL,
PRICE INT,
PRIMARY KEY(SOURCE, DESTINATION, CLASS));
INSERT INTO TICKET2(SOURCE, DESTINATION, CLASS, PRICE) VALUES('BOM','DFW','ECONOMY',95000);
INSERT INTO TICKET2(SOURCE, DESTINATION, CLASS, PRICE) VALUES('JFK','BOM','ECONOMY',100000);
INSERT INTO TICKET2(SOURCE, DESTINATION, CLASS, PRICE) VALUES('IAH','DEL','BUSINESS',200000);
INSERT INTO TICKET2(SOURCE, DESTINATION, CLASS, PRICE) VALUES('IXC','IAH','FIRST- CLASS',150000);
INSERT INTO TICKET2(SOURCE, DESTINATION, CLASS, PRICE)
16
 
   VALUES('JFK','TPA','ECONOMY',98000);
INSERT INTO TICKET2(SOURCE, DESTINATION, CLASS, PRICE) VALUES('BOM','DEL','ECONOMY',125000);
INSERT INTO TICKET2(SOURCE, DESTINATION, CLASS, PRICE) VALUES('IAH','SOF','FIRST- CLASS',195000);
INSERT INTO TICKET2(SOURCE, DESTINATION, CLASS, PRICE) VALUES('SFO','FRA','ECONOMY',170000);
INSERT INTO TICKET2(SOURCE, DESTINATION, CLASS, PRICE) VALUES('IXC','DEL','ECONOMY',140000);
INSERT INTO TICKET2(SOURCE, DESTINATION, CLASS, PRICE) VALUES('BOM','SFO','ECONOMY',45000);
INSERT INTO TICKET2(SOURCE, DESTINATION, CLASS, PRICE) VALUES('FRA','DEL','ECONOMY',100000);
INSERT INTO TICKET2(SOURCE, DESTINATION, CLASS, PRICE) VALUES('IXC','SFO','ECONOMY',120000);
INSERT INTO TICKET2(SOURCE, DESTINATION, CLASS, PRICE) VALUES('BOM','IXC','ECONOMY',65000);
INSERT INTO TICKET2(SOURCE, DESTINATION, CLASS, PRICE) VALUES('FRA','IAH','ECONOMY',80000);
INSERT INTO TICKET2(SOURCE, DESTINATION, CLASS, PRICE) VALUES('BOM','IAH','ECONOMY',98000);
select * from TICKET2;
 17
 
    CREATE TABLE TAXI1
(TAXI_NUMBER NUMBER PRIMARY KEY,
PICKUP_POINT VARCHAR2(20),
AP_NAME VARCHAR2(100),
FOREIGN KEY(AP_NAME) REFERENCES AIRPORT(AP_NAME) ON DELETE CASCADE);
INSERT INTO TAXI1 VALUES(1,'A','Louisville International Airport');
INSERT INTO TAXI1 VALUES(2,'B','Chandigarh International Airport'); INSERT INTO TAXI1 VALUES(3,'A','Dallas/Fort Worth International Airport'); INSERT INTO TAXI1 VALUES(4,'C','Indira GandhiInternational Airport'); INSERT INTO TAXI1 VALUES(5,'A','Chhatrapati Shivaji International Airport'); INSERT INTO TAXI1 VALUES(6,'C','San Francisco International Airport'); INSERT INTO TAXI1 VALUES(7,'B','Frankfurt Airport');
INSERT INTO TAXI1 VALUES(8,'B','George Bush Intercontinental Airport'); select * from TAXI1;
 CREATE TABLE TAXI2
(DRIVER_ID NUMBER PRIMARY KEY, DRIVER_NAME VARCHAR2(200));
INSERT INTO TAXI2 VALUES(101,'Aditya Kulkarni'); INSERT INTO TAXI2 VALUES(102,'Anand Nadig'); INSERT INTO TAXI2 VALUES(103,'Lalit Mital'); INSERT INTO TAXI2 VALUES(104,'Uday Gour'); INSERT INTO TAXI2 VALUES(105,'Venkat Narang'); INSERT INTO TAXI2 VALUES(106,'Darpan Rampersad');
18
 
INSERT INTO TAXI2 VALUES(107,'Jawahar Varghese'); INSERT INTO TAXI2 VALUES(108,'Lakshmi Borra '); select * from TAXI2;
CREATE TABLE TAXI3
(TAXI_NUMBER NUMBER PRIMARY KEY,
DRIVER_ID NUMBER,
PID INT,
PASSPORTNO VARCHAR(10),
FOREIGN KEY(PID) REFERENCES PASSENGER3(PID) ON DELETE CASCADE, FOREIGN KEY(PASSPORTNO) REFERENCES PASSENGER2(PASSPORTNO) ON DELETE CASCADE);
INSERT INTO TAXI3 VALUES(1,101,1,'A1234568'); INSERT INTO TAXI3 VALUES(2,102,2,'B9876541'); INSERT INTO TAXI3 VALUES(3,103,3,'C2345698'); INSERT INTO TAXI3 VALUES(4,104,4,'D1002004'); INSERT INTO TAXI3 VALUES(5,105,5,'X9324666'); INSERT INTO TAXI3 VALUES(6,106,6,'B8765430'); INSERT INTO TAXI3 VALUES(7,107,7,'J9801235'); INSERT INTO TAXI3 VALUES(8,108,8,'A1122334'); INSERT INTO TAXI3 VALUES(9,109,9,'Q1243567'); select * from TAXI3;
